query,sku,title,url,image_url,price,rating,number_of_reviews
fitness_watch,fitness_watch_4,"Fitbit Inspire 3 Health &-Fitness-Tracker with Stress Management, Workout Intensity, Sleep Tracking, 24/7 Heart Rate and more, Midnight Zen/Black One Size (S & L Bands Included)",https://www.amazon.com/Fitbit-Management-Intensity-Tracking-Midnight/dp/B0B5F9SZW7/ref=sr_1_4?dib=eyJ2IjoiMSJ9.yWYjktjN1rPNRodRNlsqI_ni7YkvvSMlrST_GHvq6AXvyhr86QMw1xy9GbQ5O9zAGzVJkscfWw0xmuG89iYGkI_tP8AbritR_dGsG3X1KtQdvCSRqYVLiPD2nK26TuVrBOFqiV_BHm8Xr-4IuqJgWhnInijxBcGXBpYlp-3SVa0t9oMSn3B0svugW7S10yih2SooD9mJECf26dsGCOneSCErl4Ky_UjbBcdYARxKRiA._zSC-GS0sBgpxZBTqXUlhLmnphueMPT6Q1JFDTHvV30&dib_tag=se&keywords=fitness+watch&qid=1749211538&sr=8-4#customerReviews,https://m.media-amazon.com/images/I/51CtR+quteL._AC_UY218_.jpg,79.95,4.3,18574
fitness_watch,fitness_watch_5,"Fitbit Versa 4 Fitness Smartwatch with Daily Readiness, GPS, 24/7 Heart Rate, 40+ Exercise Modes, Sleep Tracking and more, Waterfall Blue/Platinum, One Size (S & L Bands Included)",https://www.amazon.com/Fitbit-Smartwatch-Readiness-Exercise-Waterfall/dp/B0B4MZWCXK/ref=sr_1_9?dib=eyJ2IjoiMSJ9.yWYjktjN1rPNRodRNlsqI_ni7YkvvSMlrST_GHvq6AXvyhr86QMw1xy9GbQ5O9zAGzVJkscfWw0xmuG89iYGkI_tP8AbritR_dGsG3X1KtQdvCSRqYVLiPD2nK26TuVrBOFqiV_BHm8Xr-4IuqJgWhnInijxBcGXBpYlp-3SVa0t9oMSn3B0svugW7S10yih2SooD9mJECf26dsGCOneSCErl4Ky_UjbBcdYARxKRiA._zSC-GS0sBgpxZBTqXUlhLmnphueMPT6Q1JFDTHvV30&dib_tag=se&keywords=fitness+watch&qid=1749211538&sr=8-9#customerReviews,https://m.media-amazon.com/images/I/61OEuoqFqYL._AC_UY218_.jpg,149.95,4.3,14803
fitness_watch,fitness_watch_6,"Fitness Tracker with 24/7 Heart Rate, Blood Oxygen Blood Pressure Sleep Monitor, Activity Trackers 5 ATM Waterproof,Step Calorie Counter Pedometer Health Smart Watch for Women Men Bordeaux",https://www.amazon.com/Zeacool-Pressure-Activity-Waterproof-Pedometer/dp/B0F4QVFN4B/ref=sr_1_10?dib=eyJ2IjoiMSJ9.yWYjktjN1rPNRodRNlsqI_ni7YkvvSMlrST_GHvq6AXvyhr86QMw1xy9GbQ5O9zAGzVJkscfWw0xmuG89iYGkI_tP8AbritR_dGsG3X1KtQdvCSRqYVLiPD2nK26TuVrBOFqiV_BHm8Xr-4IuqJgWhnInijxBcGXBpYlp-3SVa0t9oMSn3B0svugW7S10yih2SooD9mJECf26dsGCOneSCErl4Ky_UjbBcdYARxKRiA._zSC-GS0sBgpxZBTqXUlhLmnphueMPT6Q1JFDTHvV30&dib_tag=se&keywords=fitness+watch&qid=1749211538&sr=8-10#customerReviews,https://m.media-amazon.com/images/I/61JJUCCmY0L._AC_UY218_.jpg,28.99,4.2,135
fitness_watch,fitness_watch_7,"Garmin Forerunner 55, GPS Running Watch with Daily Suggested Workouts, Up to 2 weeks of Battery Life, Black - 010-02562-00",https://www.amazon.com/Garmin-Forerunner-Running-Suggested-Workouts/dp/B092RCLKHN/ref=sr_1_11?dib=eyJ2IjoiMSJ9.yWYjktjN1rPNRodRNlsqI_ni7YkvvSMlrST_GHvq6AXvyhr86QMw1xy9GbQ5O9zAGzVJkscfWw0xmuG89iYGkI_tP8AbritR_dGsG3X1KtQdvCSRqYVLiPD2nK26TuVrBOFqiV_BHm8Xr-4IuqJgWhnInijxBcGXBpYlp-3SVa0t9oMSn3B0svugW7S10yih2SooD9mJECf26dsGCOneSCErl4Ky_UjbBcdYARxKRiA._zSC-GS0sBgpxZBTqXUlhLmnphueMPT6Q1JFDTHvV30&dib_tag=se&keywords=fitness+watch&qid=1749211538&sr=8-11#customerReviews,https://m.media-amazon.com/images/I/518z0My1ZlS._AC_UY218_.jpg,166.4,4.6,4241
fitness_watch,fitness_watch_8,"Garmin vívoactive 5, Health and Fitness GPS Smartwatch, AMOLED Display, Up to 11 Days of Battery, Black",https://www.amazon.com/Garmin-v%C3%ADvoactive-Fitness-Smartwatch-Display/dp/B0CG6NR413/ref=sr_1_12?dib=eyJ2IjoiMSJ9.yWYjktjN1rPNRodRNlsqI_ni7YkvvSMlrST_GHvq6AXvyhr86QMw1xy9GbQ5O9zAGzVJkscfWw0xmuG89iYGkI_tP8AbritR_dGsG3X1KtQdvCSRqYVLiPD2nK26TuVrBOFqiV_BHm8Xr-4IuqJgWhnInijxBcGXBpYlp-3SVa0t9oMSn3B0svugW7S10yih2SooD9mJECf26dsGCOneSCErl4Ky_UjbBcdYARxKRiA._zSC-GS0sBgpxZBTqXUlhLmnphueMPT6Q1JFDTHvV30&dib_tag=se&keywords=fitness+watch&qid=1749211538&sr=8-12#customerReviews,https://m.media-amazon.com/images/I/61A4yOWzGBL._AC_UY218_.jpg,220.89,4.4,5567
fitness_watch,fitness_watch_3,"Smart Watch with Alexa Built-in, 1.83"" HD Touchscreen, Bluetooth Call/Make Calls, IP68 Waterproof Fitness Tracker with 120+ Sport Modes, 24/7 Heart Rate & Sleep Monitor for iOS/Android (Black)",https://www.amazon.com/Touchscreen-Bluetooth-Waterproof-Fitness-Tracker/dp/B0F5WXPND3/ref=sr_1_3?dib=eyJ2IjoiMSJ9.yWYjktjN1rPNRodRNlsqI_ni7YkvvSMlrST_GHvq6AXvyhr86QMw1xy9GbQ5O9zAGzVJkscfWw0xmuG89iYGkI_tP8AbritR_dGsG3X1KtQdvCSRqYVLiPD2nK26TuVrBOFqiV_BHm8Xr-4IuqJgWhnInijxBcGXBpYlp-3SVa0t9oMSn3B0svugW7S10yih2SooD9mJECf26dsGCOneSCErl4Ky_UjbBcdYARxKRiA._zSC-GS0sBgpxZBTqXUlhLmnphueMPT6Q1JFDTHvV30&dib_tag=se&keywords=fitness+watch&qid=1749211538&sr=8-3#customerReviews,https://m.media-amazon.com/images/I/61lrpyxMNQL._AC_UY218_.jpg,29.99,4.9,430
fitness_watch,fitness_watch_1,"Smart Watch(Answer/Make Call), 1.91"" Smartwatch for Men Women, New Fitness Watch with 110+ Sport Modes, Fitness Activity Tracke with Pedometer/Sleep Monitor//IP68 Waterproof, for Android iOS, Blue",https://www.amazon.com/s?k=fitness+watch#,https://m.media-amazon.com/images/I/71kQ0lznlkL._AC_UY218_.jpg,24.99,4.9,563
fitness_watch,fitness_watch_2,WHOOP – 12-Month Membership – 5.0 Health and Fitness Wearable – 24/7 Activity Tracker,https://www.amazon.com/s?k=fitness+watch#,https://m.media-amazon.com/images/I/61AMMnmroeL._AC_UY218_.jpg,359.0,3.5,47
iphone_16_pro_cover,iphone_sixteen_pro_cover_6,"DEERLAMN Case for iPhone 16 Pro with Slide Camera Cover+Screen Protector(2 Packs), Rotated Ring Kickstand Military Grade Shockproof Protective Cover-Olive Green",https://www.amazon.com/s?k=iphone+16+pro+cover#,https://m.media-amazon.com/images/I/71do3VPnFeL._AC_UY218_.jpg,14.99,4.4,2030
iphone_16_pro_cover,iphone_sixteen_pro_cover_4,"ESR for iPhone 16 Pro Case, Camera Control, Compatible with MagSafe, Shockproof Military-Grade Protection, Magnetic Phone Case for iPhone 16 Pro, Classic Hybrid Case (HaloLock), Clear",https://www.amazon.com/ESR-iPhone-Compatible-Shockproof-Military-Grade/dp/B0DNDPV8QK/ref=sr_1_4?dib=eyJ2IjoiMSJ9.NYxDvS8pZfwNh6wQ3zZg4SFGzLztlW-Cevs7t6kfZhnjbxPB9xGb3oPBtxoPe54xM9qu9e8licCKpBfwKsJU8VZqy8xMDZ2cLz2k6IY1XttEC4gPJ_J5rX7KUDOSEilEWmbi9cltW3vDpA1sH9Z615sl1H1UGjf9DjAYn6C18jY5UDgH1V4WN7RqGL24vANAPO1OZhMBfi1XxcNHT5yKAkFpouwnfTyjwEg8WRNhhDc.0xtDx5-r8iISserHoDbm0-5abc1-m3Mf_qMMZbdw0sw&dib_tag=se&keywords=iphone+16+pro+cover&qid=1749210395&sr=8-4#customerReviews,https://m.media-amazon.com/images/I/71Kc1xX2l2L._AC_UY218_.jpg,12.99,4.6,109440
iphone_16_pro_cover,iphone_sixteen_pro_cover_2,"LOVE 3000 Designed for iPhone 16 Pro Case, Premium Silicone with [Soft Anti-Scratch Microfiber Lining] Shockproof Protective Phone Case for Men Women Girls 6.3"", Stone",https://www.amazon.com/s?k=iphone+16+pro+cover#,https://m.media-amazon.com/images/I/61rUKZmBrUL._AC_UY218_.jpg,9.99,4.6,10231
iphone_16_pro_cover,iphone_sixteen_pro_cover_8,"Magnetic Case Designed for iPhone 16 Pro 6.3 Inch, Compatible with MagSafe, Wireless Slim Cute Shockproof Protective Cover for Women Girl - Clear Pink Castle",https://www.amazon.com/OCTT-Magnetic-Compatible-Shockproof-Protective/dp/B0F5W8DL9D/ref=sr_1_11?dib=eyJ2IjoiMSJ9.NYxDvS8pZfwNh6wQ3zZg4SFGzLztlW-Cevs7t6kfZhnjbxPB9xGb3oPBtxoPe54xM9qu9e8licCKpBfwKsJU8VZqy8xMDZ2cLz2k6IY1XttEC4gPJ_J5rX7KUDOSEilEWmbi9cltW3vDpA1sH9Z615sl1H1UGjf9DjAYn6C18jY5UDgH1V4WN7RqGL24vANAPO1OZhMBfi1XxcNHT5yKAkFpouwnfTyjwEg8WRNhhDc.0xtDx5-r8iISserHoDbm0-5abc1-m3Mf_qMMZbdw0sw&dib_tag=se&keywords=iphone+16+pro+cover&qid=1749210395&sr=8-11#customerReviews,https://m.media-amazon.com/images/I/718bva-WIkL._AC_UY218_.jpg,9.99,4.7,14
iphone_16_pro_cover,iphone_sixteen_pro_cover_1,"Miracase Magnetic for iPhone 16 Pro Case Full-Body Phone with Built-in Glass Screen Protector, [Compatible with MagSafe] Military Drop Proof 16 Pro Cover Bumper 6.3 inch, Black",https://www.amazon.com/s?k=iphone+16+pro+cover#,https://m.media-amazon.com/images/I/71J7Vb3ng3L._AC_UY218_.jpg,16.95,4.3,108070
iphone_16_pro_cover,iphone_sixteen_pro_cover_5,Mkeke for iPhone 16 Pro Case Clear [Not-Yellowing] [Military-Grade Drop Protection] Shockproof Protective Clear iPhone 16 Pro Case Phone Bumper for Apple 6.3 inch 2024,https://www.amazon.com/Mkeke-Not-Yellowing-Military-Grade-Protection-Shockproof/dp/B0DBL429HL/ref=sr_1_6?dib=eyJ2IjoiMSJ9.NYxDvS8pZfwNh6wQ3zZg4SFGzLztlW-Cevs7t6kfZhnjbxPB9xGb3oPBtxoPe54xM9qu9e8licCKpBfwKsJU8VZqy8xMDZ2cLz2k6IY1XttEC4gPJ_J5rX7KUDOSEilEWmbi9cltW3vDpA1sH9Z615sl1H1UGjf9DjAYn6C18jY5UDgH1V4WN7RqGL24vANAPO1OZhMBfi1XxcNHT5yKAkFpouwnfTyjwEg8WRNhhDc.0xtDx5-r8iISserHoDbm0-5abc1-m3Mf_qMMZbdw0sw&dib_tag=se&keywords=iphone+16+pro+cover&qid=1749210395&sr=8-6#customerReviews,https://m.media-amazon.com/images/I/71eAjduGZtL._AC_UY218_.jpg,9.99,4.6,128228
iphone_16_pro_cover,iphone_sixteen_pro_cover_7,OtterBox iPhone 16 Pro Commuter Series Case - Black,https://www.amazon.com/OtterBox-iPhone-Pro-Commuter-Case/dp/B0DD6DH27Y/ref=sr_1_10?dib=eyJ2IjoiMSJ9.NYxDvS8pZfwNh6wQ3zZg4SFGzLztlW-Cevs7t6kfZhnjbxPB9xGb3oPBtxoPe54xM9qu9e8licCKpBfwKsJU8VZqy8xMDZ2cLz2k6IY1XttEC4gPJ_J5rX7KUDOSEilEWmbi9cltW3vDpA1sH9Z615sl1H1UGjf9DjAYn6C18jY5UDgH1V4WN7RqGL24vANAPO1OZhMBfi1XxcNHT5yKAkFpouwnfTyjwEg8WRNhhDc.0xtDx5-r8iISserHoDbm0-5abc1-m3Mf_qMMZbdw0sw&dib_tag=se&keywords=iphone+16+pro+cover&qid=1749210395&sr=8-10#customerReviews,https://m.media-amazon.com/images/I/71yxtCE+-7L._AC_UY218_.jpg,49.99,4.4,472
iphone_16_pro_cover,iphone_sixteen_pro_cover_3,"SUPFINE Magnetic for iPhone 16 Pro Case (Compatible with MagSafe) (Military Grade Drop Protection) Slim Translucent Matte Shockproof with Anti-Fingerprint Phone Case,Black",https://www.amazon.com/SUPFINE-Compatible-Protection-Translucent-Anti-Fingerprint/dp/B0DPMMMLP7/ref=sr_1_3?dib=eyJ2IjoiMSJ9.NYxDvS8pZfwNh6wQ3zZg4SFGzLztlW-Cevs7t6kfZhnjbxPB9xGb3oPBtxoPe54xM9qu9e8licCKpBfwKsJU8VZqy8xMDZ2cLz2k6IY1XttEC4gPJ_J5rX7KUDOSEilEWmbi9cltW3vDpA1sH9Z615sl1H1UGjf9DjAYn6C18jY5UDgH1V4WN7RqGL24vANAPO1OZhMBfi1XxcNHT5yKAkFpouwnfTyjwEg8WRNhhDc.0xtDx5-r8iISserHoDbm0-5abc1-m3Mf_qMMZbdw0sw&dib_tag=se&keywords=iphone+16+pro+cover&qid=1749210395&sr=8-3#customerReviews,https://m.media-amazon.com/images/I/611zyqg+WUL._AC_UY218_.jpg,7.99,4.5,15055
mousepad,mousepad_1,"Amazon Basics Irregular Ergonomic Gel Computer Mouse Pad with Wrist Rest for Pain Relief, 10.1L x 8.1W inches, Black",https://www.amazon.com/sspa/click?ie=UTF8&spc=MTo0Nzc4NzQzODgyMjE4NjAxOjE3NDU4NjcyMDE6c3BfYXRmOjIwMDAxMDUyNDg0ODMzMTo6MDo6&url=%2FAmazon-Basics-Rectangular-Computer-Support%2Fdp%2FB06X3W3TM4%2Fref%3Dsr_1_1_ffob_sspa%3Fdib%3DeyJ2IjoiMSJ9.-MhpCuyVEjG1a-3GrpAGhw0nQsF27cjiFm-aS-6ZLfB3w71DjEYOYoeguu2V3sdbxAQZPsUWqxVAzh_iah2UQPbc2z-eZJfkpzotVkFDId8hKvfYqxUzX4BSDPKSSaOqzP22lP8ZGfmBmwPsglcIZPKlH4p2hPoZTMGEEiKAQz9sWglOM1gs6btcAAPlUbkewMe5cnYJw7CPLWRcVT40qQUjYyYgqVLf33BDhoWQGK0zOykKPnlxZJYaj1MAHnAHs8HiOjRH-qfV2Emmd9WerufYWQB_0v2337w44Qa0bVQ.VEqX_uMhlmFZsbn7HHa2g5g4z4oFlFuSjuoCbDIa7KA%26dib_tag%3Dse%26keywords%3Dmousepad%26qid%3D1745867201%26sr%3D8-1-spons%26sp_csd%3Dd2lkZ2V0TmFtZT1zcF9hdGY%26psc%3D1#customerReviews,https://m.media-amazon.com/images/I/71mbxPIMl1S._AC_UL320_.jpg,9.71,4.6,33033
mousepad,mousepad_3,"Aothia Leather Desk Pad Protector, Mouse Pad, Office Desk Mat, Non-Slip PU Leather Desk Blotter, Laptop Desk Pad, Waterproof Desk Writing Pad for Office and Home (Black,23.6"" x 13.7"")",https://www.amazon.com/s?k=mousepad#,https://m.media-amazon.com/images/I/81XADFHuLDL._AC_UL320_.jpg,9.99,4.6,70816
mousepad,mousepad_6,"KTRIO Large Gaming Mouse Pad with Superior Micro-Weave Cloth, Extended Desk Mousepad with Stitched Edges, Non-Slip Base, Water Resist Keyboard Pad for Gamer, Office & Home, 31.5 x 11.8 in, Black",https://www.amazon.com/KTRIO-Stitched-Superior-Micro-Weave-Non-Slip/dp/B0788LMLZL/ref=sr_1_8?dib=eyJ2IjoiMSJ9.-MhpCuyVEjG1a-3GrpAGhw0nQsF27cjiFm-aS-6ZLfB3w71DjEYOYoeguu2V3sdbxAQZPsUWqxVAzh_iah2UQPbc2z-eZJfkpzotVkFDId8hKvfYqxUzX4BSDPKSSaOqzP22lP8ZGfmBmwPsglcIZPKlH4p2hPoZTMGEEiKAQz9sWglOM1gs6btcAAPlUbkewMe5cnYJw7CPLWRcVT40qQUjYyYgqVLf33BDhoWQGK0zOykKPnlxZJYaj1MAHnAHs8HiOjRH-qfV2Emmd9WerufYWQB_0v2337w44Qa0bVQ.VEqX_uMhlmFZsbn7HHa2g5g4z4oFlFuSjuoCbDIa7KA&dib_tag=se&keywords=mousepad&qid=1745867201&sr=8-8#customerReviews,https://m.media-amazon.com/images/I/51jbUXcKgZL._AC_UL320_.jpg,13.97,4.7,38896
mousepad,mousepad_2,"Logitech G240 Cloth Gaming Mouse Pad, Optimized for Gaming Sensors, Moderate Surface Friction, Non-Slip Mouse Mat - Black",https://www.amazon.com/Logitech-Optimized-Moderate-Friction-Accessories/dp/B0BHMLWH3Z/ref=sr_1_44?dib=eyJ2IjoiMSJ9.-MhpCuyVEjG1a-3GrpAGhw0nQsF27cjiFm-aS-6ZLfB3w71DjEYOYoeguu2V3sdbxAQZPsUWqxVAzh_iah2UQPbc2z-eZJfkpzotVkFDId8hKvfYqxUzX4BSDPKSSaOqzP22lP8ZGfmBmwPsglcIZPKlH4p2hPoZTMGEEiKAQz9sWglOM1gs6btcAAPlUbkewMe5cnYJw7CPLWRcVT40qQUjYyYgqVLf33BDhoWQGK0zOykKPnlxZJYaj1MAHnAHs8HiOjRH-qfV2Emmd9WerufYWQB_0v2337w44Qa0bVQ.VEqX_uMhlmFZsbn7HHa2g5g4z4oFlFuSjuoCbDIa7KA&dib_tag=se&keywords=mousepad&qid=1745867201&sr=8-44#customerReviews,https://m.media-amazon.com/images/I/61tZSb-bTUL._AC_UL320_.jpg,7.99,4.6,2774
mousepad,mousepad_4,"MROCO Ergonomic Mouse Pad with Gel Wrist Rest, Comfortable Mousepad with Smooth Wrist Support Surface and Non-Slip PU Base for Pain Relief, Computer, Laptop, Office & Home, 9.4 x 8.1 in, Black Color",https://www.amazon.com/MROCO-Ergonomic-Comfortable-Mousepad-Non-Slip/dp/B07DVCGX7G/ref=sr_1_5?dib=eyJ2IjoiMSJ9.-MhpCuyVEjG1a-3GrpAGhw0nQsF27cjiFm-aS-6ZLfB3w71DjEYOYoeguu2V3sdbxAQZPsUWqxVAzh_iah2UQPbc2z-eZJfkpzotVkFDId8hKvfYqxUzX4BSDPKSSaOqzP22lP8ZGfmBmwPsglcIZPKlH4p2hPoZTMGEEiKAQz9sWglOM1gs6btcAAPlUbkewMe5cnYJw7CPLWRcVT40qQUjYyYgqVLf33BDhoWQGK0zOykKPnlxZJYaj1MAHnAHs8HiOjRH-qfV2Emmd9WerufYWQB_0v2337w44Qa0bVQ.VEqX_uMhlmFZsbn7HHa2g5g4z4oFlFuSjuoCbDIa7KA&dib_tag=se&keywords=mousepad&qid=1745867201&sr=8-5#customerReviews,https://m.media-amazon.com/images/I/81FdngRuH7L._AC_UL320_.jpg,8.49,4.6,29052
mousepad,mousepad_5,"Mouse Pad with Wrist Rest,Ergonomic Mouse Pad with Comfortable Gel Wrist Rest Support and Non-Slip PU Base for Easy Typing Pain Relief, Durable and Washable(Pink)",https://www.amazon.com/s?k=mousepad#,https://m.media-amazon.com/images/I/51f3Nh0nU0L._AC_UL320_.jpg,7.99,4.9,11
mousepad,mousepad_7,SteelSeries QcK Gaming Mouse Pad - XXL Cloth - Peak Tracking and Stability - Esports Mousepad - Never-Slip - Full Desk Coverage,https://www.amazon.com/SteelSeries-QcK-Gaming-Mouse-Pad-PC/dp/B0D1T1HZCC/ref=sr_1_9?dib=eyJ2IjoiMSJ9.-MhpCuyVEjG1a-3GrpAGhw0nQsF27cjiFm-aS-6ZLfB3w71DjEYOYoeguu2V3sdbxAQZPsUWqxVAzh_iah2UQPbc2z-eZJfkpzotVkFDId8hKvfYqxUzX4BSDPKSSaOqzP22lP8ZGfmBmwPsglcIZPKlH4p2hPoZTMGEEiKAQz9sWglOM1gs6btcAAPlUbkewMe5cnYJw7CPLWRcVT40qQUjYyYgqVLf33BDhoWQGK0zOykKPnlxZJYaj1MAHnAHs8HiOjRH-qfV2Emmd9WerufYWQB_0v2337w44Qa0bVQ.VEqX_uMhlmFZsbn7HHa2g5g4z4oFlFuSjuoCbDIa7KA&dib_tag=se&keywords=mousepad&qid=1745867201&sr=8-9#customerReviews,https://m.media-amazon.com/images/I/41sNt1-AT6L._AC_UL320_.jpg,24.99,4.7,100313
mousepad,mousepad_8,"YSAGi Leather Desk Pad Protector, Office Desk Mat, Large Mouse Pad, Non-Slip PU Leather Desk Blotter, Laptop Desk Pad, Waterproof Desk Writing Pad for Office and Home (Black, 23.6"" x 13.8"")",https://www.amazon.com/YSAGi-Leather-Protector-Non-Slip-Waterproof/dp/B0BMTPC44X/ref=sr_1_25?dib=eyJ2IjoiMSJ9.-MhpCuyVEjG1a-3GrpAGhw0nQsF27cjiFm-aS-6ZLfB3w71DjEYOYoeguu2V3sdbxAQZPsUWqxVAzh_iah2UQPbc2z-eZJfkpzotVkFDId8hKvfYqxUzX4BSDPKSSaOqzP22lP8ZGfmBmwPsglcIZPKlH4p2hPoZTMGEEiKAQz9sWglOM1gs6btcAAPlUbkewMe5cnYJw7CPLWRcVT40qQUjYyYgqVLf33BDhoWQGK0zOykKPnlxZJYaj1MAHnAHs8HiOjRH-qfV2Emmd9WerufYWQB_0v2337w44Qa0bVQ.VEqX_uMhlmFZsbn7HHa2g5g4z4oFlFuSjuoCbDIa7KA&dib_tag=se&keywords=mousepad&qid=1745867201&sr=8-25#customerReviews,https://m.media-amazon.com/images/I/71uxpx+fNpL._AC_UL320_.jpg,9.99,4.6,13319
office_lamp,office_lamp_3,"Fiqevs Floor Lamp, 3 Globe Mid Century Floor Lamps for Living Room with Sphere Frosted Glass Shade and 3 2700K LED Bulbs, Vintage Modern Gold Standing Lamp for Bedrooms, Office - Antique Brass",https://www.amazon.com/s?k=office+lamp#,https://m.media-amazon.com/images/I/61ogLKG5mDL._AC_UL320_.jpg,51.99,4.4,1207
office_lamp,office_lamp_7,"GLOBE Electric 67135 72"" Torchiere Floor Lamp + Adjustable Reading Light, Matte Black, Frosted Plastic Shade, 3-Step Rotary Switch on Socket, Living Room Décor, Reading Light, Home Essentials",https://www.amazon.com/Globe-Electric-67135-Torchiere-Adjustable/dp/B07R9FZHLQ/ref=sr_1_27?dib=eyJ2IjoiMSJ9.-cg-hzIrqlrRApNpbRDtx02v90KgoQ-kdKScNavngqxVcUJA_03TMgnYdgsLHQhh9eeCjyjoO8v6VdLvhqLcZmpK9hgIwnkkhE5Gpndxw-0rRfEAhU-sNUsygcUMv_2m5pS0NKMidDTxpm8WY-ws-3guagb83NWNNYl4Ngu8O1SJ_p6R18aQQel_dypnhANF7nd5I_W1RJYCWeU4LfHwpI8QGfDBZIWInXk1MSYgxaNKEZGANRDhEjH0gV-ZBvW3GGMjUG0dC9RhlzGPh6ATS-8bEe5bUJC2fHM8D_NT4ds.LPIAnEVc2rBjvSrXKzWRCgKWCvEJADGNgtxy5LaYV84&dib_tag=se&keywords=office+lamp&qid=1749210765&sr=8-27#customerReviews,https://m.media-amazon.com/images/I/41ZhW3MHEvL._AC_UL320_.jpg,32.89,4.4,3682
office_lamp,office_lamp_6,Lightdot 60IN Gold Floor Lamp Stepless Dimmable Globe Floor Lamps with 3Pcs 3000K G9 Bulbs Eye-Friendly Mid Century Standing Lamps with Stable Base for Living Room/Bedroom/Corner/Office,https://www.amazon.com/s?k=office+lamp#,https://m.media-amazon.com/images/I/61TdzkqRjfL._AC_UL320_.jpg,59.99,4.6,9
office_lamp,office_lamp_1,"Modern Floor Lamp Simple Design with White Shade, Foot Pedal Switch, 60"" Small Tall Lamps for Living Room Bedroom Office Dining Room Kitchen, Black Pole Lamp(Without Bulb)",https://www.amazon.com/Simple-Standing-Hanging-Bedroom-Without/dp/B07Z5NQPDS/ref=sr_1_8?dib=eyJ2IjoiMSJ9.-cg-hzIrqlrRApNpbRDtx02v90KgoQ-kdKScNavngqxVcUJA_03TMgnYdgsLHQhh9eeCjyjoO8v6VdLvhqLcZmpK9hgIwnkkhE5Gpndxw-0rRfEAhU-sNUsygcUMv_2m5pS0NKMidDTxpm8WY-ws-3guagb83NWNNYl4Ngu8O1SJ_p6R18aQQel_dypnhANF7nd5I_W1RJYCWeU4LfHwpI8QGfDBZIWInXk1MSYgxaNKEZGANRDhEjH0gV-ZBvW3GGMjUG0dC9RhlzGPh6ATS-8bEe5bUJC2fHM8D_NT4ds.LPIAnEVc2rBjvSrXKzWRCgKWCvEJADGNgtxy5LaYV84&dib_tag=se&keywords=office+lamp&qid=1749210765&sr=8-8#customerReviews,https://m.media-amazon.com/images/I/41M4oGNowVL._AC_UL320_.jpg,39.99,4.5,6892
office_lamp,office_lamp_5,"ROTTOGOON Floor Lamp for Living Room with 3 Color Temperatures LED Bulb, Standing Lamp Tall Industrial Floor Lamp Reading for Bedroom, Office (9W LED Bulb, Beige Lampshade Included) -Black",https://www.amazon.com/Rottogoon-Standing-Industrial-Reading-Included/dp/B086ZLGLV3/ref=sr_1_16?dib=eyJ2IjoiMSJ9.-cg-hzIrqlrRApNpbRDtx02v90KgoQ-kdKScNavngqxVcUJA_03TMgnYdgsLHQhh9eeCjyjoO8v6VdLvhqLcZmpK9hgIwnkkhE5Gpndxw-0rRfEAhU-sNUsygcUMv_2m5pS0NKMidDTxpm8WY-ws-3guagb83NWNNYl4Ngu8O1SJ_p6R18aQQel_dypnhANF7nd5I_W1RJYCWeU4LfHwpI8QGfDBZIWInXk1MSYgxaNKEZGANRDhEjH0gV-ZBvW3GGMjUG0dC9RhlzGPh6ATS-8bEe5bUJC2fHM8D_NT4ds.LPIAnEVc2rBjvSrXKzWRCgKWCvEJADGNgtxy5LaYV84&dib_tag=se&keywords=office+lamp&qid=1749210765&sr=8-16#customerReviews,https://m.media-amazon.com/images/I/61pJwYkeP9L._AC_UL320_.jpg,29.99,4.5,11241
office_lamp,office_lamp_2,"SUNMORY Floor Lamps for Living Room, 32W/3000LM Super Bright LED Floor Lamp with Remote Control, 69"" Tall Standing Lamp with Stepless Dimmable, Modern Torchiere Corner Lamp for Bedroom, Office",https://www.amazon.com/SUNMORY-Standing-Stepless-Dimmable-Torchiere/dp/B0CQY5RK52/ref=sr_1_9?dib=eyJ2IjoiMSJ9.-cg-hzIrqlrRApNpbRDtx02v90KgoQ-kdKScNavngqxVcUJA_03TMgnYdgsLHQhh9eeCjyjoO8v6VdLvhqLcZmpK9hgIwnkkhE5Gpndxw-0rRfEAhU-sNUsygcUMv_2m5pS0NKMidDTxpm8WY-ws-3guagb83NWNNYl4Ngu8O1SJ_p6R18aQQel_dypnhANF7nd5I_W1RJYCWeU4LfHwpI8QGfDBZIWInXk1MSYgxaNKEZGANRDhEjH0gV-ZBvW3GGMjUG0dC9RhlzGPh6ATS-8bEe5bUJC2fHM8D_NT4ds.LPIAnEVc2rBjvSrXKzWRCgKWCvEJADGNgtxy5LaYV84&dib_tag=se&keywords=office+lamp&qid=1749210765&sr=8-9#customerReviews,https://m.media-amazon.com/images/I/61W7wZE50CL._AC_UL320_.jpg,39.99,4.8,1184
office_lamp,office_lamp_8,"TORCHSTAR Metal Desk Lamp with Clamp, Swing Arm, Architect Adjustable Gooseneck Table Lamp, Clip Desk Lights for Home Office, Work, Study, Reading, E26 Base, Multi-Joint, Black",https://www.amazon.com/TORCHSTAR-Interchangeable-Architect-Multi-Joint-Adjustable/dp/B01NAHT5CE/ref=sr_1_42?dib=eyJ2IjoiMSJ9.-cg-hzIrqlrRApNpbRDtx02v90KgoQ-kdKScNavngqxVcUJA_03TMgnYdgsLHQhh9eeCjyjoO8v6VdLvhqLcZmpK9hgIwnkkhE5Gpndxw-0rRfEAhU-sNUsygcUMv_2m5pS0NKMidDTxpm8WY-ws-3guagb83NWNNYl4Ngu8O1SJ_p6R18aQQel_dypnhANF7nd5I_W1RJYCWeU4LfHwpI8QGfDBZIWInXk1MSYgxaNKEZGANRDhEjH0gV-ZBvW3GGMjUG0dC9RhlzGPh6ATS-8bEe5bUJC2fHM8D_NT4ds.LPIAnEVc2rBjvSrXKzWRCgKWCvEJADGNgtxy5LaYV84&dib_tag=se&keywords=office+lamp&qid=1749210765&sr=8-42#customerReviews,https://m.media-amazon.com/images/I/61GCG42ot8L._AC_UL320_.jpg,18.99,4.3,8430
office_lamp,office_lamp_4,"luckystyle LED Floor Lamp for Living Room, Dimmable Standing Lamps with Foot Switch,Remote Custom Color Temperature Black Pole Lamp with Lampshade,12W Led Bulb Tall Lamps for Bedroom Office Kid Room",https://www.amazon.com/luckystyle-Dimmable-Standing-Temperature-Lampshade/dp/B0CCDTPDTQ/ref=sr_1_15?dib=eyJ2IjoiMSJ9.-cg-hzIrqlrRApNpbRDtx02v90KgoQ-kdKScNavngqxVcUJA_03TMgnYdgsLHQhh9eeCjyjoO8v6VdLvhqLcZmpK9hgIwnkkhE5Gpndxw-0rRfEAhU-sNUsygcUMv_2m5pS0NKMidDTxpm8WY-ws-3guagb83NWNNYl4Ngu8O1SJ_p6R18aQQel_dypnhANF7nd5I_W1RJYCWeU4LfHwpI8QGfDBZIWInXk1MSYgxaNKEZGANRDhEjH0gV-ZBvW3GGMjUG0dC9RhlzGPh6ATS-8bEe5bUJC2fHM8D_NT4ds.LPIAnEVc2rBjvSrXKzWRCgKWCvEJADGNgtxy5LaYV84&dib_tag=se&keywords=office+lamp&qid=1749210765&sr=8-15#customerReviews,https://m.media-amazon.com/images/I/71sGZjaa6kL._AC_UL320_.jpg,29.99,4.4,919
stapler,stapler_1,"Amazon Basics Stapler with 1000 Staples, Office Stapler, 25 Sheet Capacity, Non-Slip, Black",https://www.amazon.com/sspa/click?ie=UTF8&spc=MTo4MzYyMjA3Mzk2OTY4MjQ3OjE3NDkyMTIyNjY6c3BfYXRmOjIwMDAxMDUxODIwNjkzMTo6MDo6&url=%2FAmazon-Basics-Stapler-Capacity-Non-Slip%2Fdp%2FB079ZV4V3C%2Fref%3Dsr_1_1_ffob_sspa%3Fdib%3DeyJ2IjoiMSJ9.tLvGchfhaG_sEBpU6gnEPtaWCbS_oWCFg6SaCYfsDdYD-jR-KahpkuTL4HOIqK_EJZXupPNASeYqfqcFdGcLAR2JbMW1I1jF1XqP8M9-jnobKz2WPGpdw88OlhoUoHWNUAfmdf2vDMvqwjOdQjWmOHgLL6V6fbasmRjhlx7JcRuz7ooHKvP8MpgTVV8UdFCdjuAS1Cmliv8VFzhAm0UvVF-CaitaEYZceZIqp2CjU3oP7xgWe2LnDf0PgGqXj0TmObOKdm1hE6_42K8PHtQNiGQZrnaRo1PxSCe-BEoow-4.iPqd16noG8kJo5hIC6OXzn8G7BZxVNBLraNHu2fpmUk%26dib_tag%3Dse%26keywords%3Dstapler%26qid%3D1749212266%26sr%3D8-1-spons%26sp_csd%3Dd2lkZ2V0TmFtZT1zcF9hdGY%26psc%3D1#customerReviews,https://m.media-amazon.com/images/I/71ORqgJajrL._AC_UL320_.jpg,6.73,4.6,51765
stapler,stapler_7,"Arrow P22 Heavy Duty Handheld Plier Stapler for Crafts, Office, and Insulation, Uses 1/4-Inch and 5/16-Inch Staples",https://www.amazon.com/Arrow-Fastener-P22-Heavy-Stapler/dp/B00004Z2JF/ref=sr_1_53?dib=eyJ2IjoiMSJ9.tLvGchfhaG_sEBpU6gnEPtaWCbS_oWCFg6SaCYfsDdYD-jR-KahpkuTL4HOIqK_EJZXupPNASeYqfqcFdGcLAR2JbMW1I1jF1XqP8M9-jnobKz2WPGpdw88OlhoUoHWNUAfmdf2vDMvqwjOdQjWmOHgLL6V6fbasmRjhlx7JcRuz7ooHKvP8MpgTVV8UdFCdjuAS1Cmliv8VFzhAm0UvVF-CaitaEYZceZIqp2CjU3oP7xgWe2LnDf0PgGqXj0TmObOKdm1hE6_42K8PHtQNiGQZrnaRo1PxSCe-BEoow-4.iPqd16noG8kJo5hIC6OXzn8G7BZxVNBLraNHu2fpmUk&dib_tag=se&keywords=stapler&qid=1749212266&sr=8-53#customerReviews,https://m.media-amazon.com/images/I/61J+ivWbdHL._AC_UL320_.jpg,22.84,3.6,1293
stapler,stapler_3,"Bostitch Office Stapler, No-Jam Premium for Desktop, Includes 1,250 Staples, Full-Strip, 25 Sheet Capacity, Black",https://www.amazon.com/s?k=stapler#,https://m.media-amazon.com/images/I/81GlLV3lq5L._AC_UL320_.jpg,6.99,4.7,713
stapler,stapler_2,"Deli Stapler, Desktop Staplers with 640 Staples, Office Stapler, 25 Sheet Capacity, Pink",https://www.amazon.com/s?k=stapler#,https://m.media-amazon.com/images/I/6188GCuchWL._AC_UL320_.jpg,7.99,4.5,5418
stapler,stapler_5,"M&G Desktop Stapler with 25 Sheet Capacity, Two Binding Modes, Basic Stapler Set with 1000 Staples and Remover, Durable Staplers for Office School Home (Black)",https://www.amazon.com/s?k=stapler#,https://m.media-amazon.com/images/I/61DEKJJyCML._AC_UL320_.jpg,6.99,4.5,318
stapler,stapler_8,Marspark 10 Pcs Stapler for Desk Office Staplers Bulk with 6000 Staples 25 Sheet Capacity for School Office,https://www.amazon.com/Pieces-Stapler-Staplers-Staples-Capacity/dp/B09VT736W9/ref=sr_1_60?dib=eyJ2IjoiMSJ9.tLvGchfhaG_sEBpU6gnEPtaWCbS_oWCFg6SaCYfsDdYD-jR-KahpkuTL4HOIqK_EJZXupPNASeYqfqcFdGcLAR2JbMW1I1jF1XqP8M9-jnobKz2WPGpdw88OlhoUoHWNUAfmdf2vDMvqwjOdQjWmOHgLL6V6fbasmRjhlx7JcRuz7ooHKvP8MpgTVV8UdFCdjuAS1Cmliv8VFzhAm0UvVF-CaitaEYZceZIqp2CjU3oP7xgWe2LnDf0PgGqXj0TmObOKdm1hE6_42K8PHtQNiGQZrnaRo1PxSCe-BEoow-4.iPqd16noG8kJo5hIC6OXzn8G7BZxVNBLraNHu2fpmUk&dib_tag=se&keywords=stapler&qid=1749212266&sr=8-60#customerReviews,https://m.media-amazon.com/images/I/71y9SIKZB2L._AC_UL320_.jpg,39.99,4.4,111
stapler,stapler_6,"Rapid Classic K1 Plier Stapler, Chrome (90119)",https://www.amazon.com/Rapid-Classic-K1-Plier-Stapler/dp/B007XZU9F6/ref=sr_1_37?dib=eyJ2IjoiMSJ9.tLvGchfhaG_sEBpU6gnEPtaWCbS_oWCFg6SaCYfsDdYD-jR-KahpkuTL4HOIqK_EJZXupPNASeYqfqcFdGcLAR2JbMW1I1jF1XqP8M9-jnobKz2WPGpdw88OlhoUoHWNUAfmdf2vDMvqwjOdQjWmOHgLL6V6fbasmRjhlx7JcRuz7ooHKvP8MpgTVV8UdFCdjuAS1Cmliv8VFzhAm0UvVF-CaitaEYZceZIqp2CjU3oP7xgWe2LnDf0PgGqXj0TmObOKdm1hE6_42K8PHtQNiGQZrnaRo1PxSCe-BEoow-4.iPqd16noG8kJo5hIC6OXzn8G7BZxVNBLraNHu2fpmUk&dib_tag=se&keywords=stapler&qid=1749212266&sr=8-37#customerReviews,https://m.media-amazon.com/images/I/61yhtKVPFGL._AC_UL320_.jpg,19.77,4.6,2008
stapler,stapler_4,"Swingline Stapler, 40 Sheet Capacity, Optima 40, Jam Free, Reduced Effort, Soft Grip, Metal, Orange and Gray (87845)",https://www.amazon.com/Swingline-Desktop-Staplers-Capacity-87845/dp/B001PME62K/ref=sr_1_8?dib=eyJ2IjoiMSJ9.tLvGchfhaG_sEBpU6gnEPtaWCbS_oWCFg6SaCYfsDdYD-jR-KahpkuTL4HOIqK_EJZXupPNASeYqfqcFdGcLAR2JbMW1I1jF1XqP8M9-jnobKz2WPGpdw88OlhoUoHWNUAfmdf2vDMvqwjOdQjWmOHgLL6V6fbasmRjhlx7JcRuz7ooHKvP8MpgTVV8UdFCdjuAS1Cmliv8VFzhAm0UvVF-CaitaEYZceZIqp2CjU3oP7xgWe2LnDf0PgGqXj0TmObOKdm1hE6_42K8PHtQNiGQZrnaRo1PxSCe-BEoow-4.iPqd16noG8kJo5hIC6OXzn8G7BZxVNBLraNHu2fpmUk&dib_tag=se&keywords=stapler&qid=1749212266&sr=8-8#customerReviews,https://m.media-amazon.com/images/I/71MIekLKNCL._AC_UL320_.jpg,22.42,4.5,4127
toilet_paper,toilet_paper_6,"Amazon Basics 2-Ply Toilet Paper, 30 Rolls = 120 Regular Rolls, 350 Sheets, (Pack of 30), Unscented",https://www.amazon.com/Amazon-Basics-2-Ply-Toilet-Paper/dp/B095CN96JS/ref=sr_1_6?dib=eyJ2IjoiMSJ9.i_TiD1pN5KLawUyoDQ83KrB6eyA8sI22ssSgkipr8Qrg0nNQkxBvalwrMWJz4m3g8IOzSSY27w6iYV_rqa285qp28N5uDZcIELrqAGxDFBL_8zmAUCSraDThhKndrp2dfwMHtWsBaHYBUk6PrzTxoMYuCG4jyPpJuq5z3NwpUzOkg0qxJ7bLnBz4ezvi0-Nc-Bz_jaJWNf-FlaA8ILqh3BoCqcrf6Z5BjBXsoGwQoCj8hgS5uwLX7FVAmFYy4mms9V9nWMWnF-KwvYps_o8JRXmNGaVb9XH4CNqojm7NVWs.1aQ07RTOIsyNwmH1S0WMF0jDrGgKVn9FgJ2Q-1YYvq4&dib_tag=se&keywords=toilet+paper&qid=1749210261&sr=8-6#customerReviews,https://m.media-amazon.com/images/I/61ATL4GoqkL._AC_UL320_.jpg,25.21,4.4,77681
toilet_paper,toilet_paper_1,"Amazon Brand - Presto! 2-Ply Ultra-Strong Toilet Paper, 12 Mega Rolls Toilet Paper = 60 regular rolls, 308 Sheet (Pack of 12), Unscented",https://www.amazon.com/sspa/click?ie=UTF8&spc=MTo0NDY1MjE0ODkxOTk2MjM0OjE3NDkyMTAyNjE6c3BfYXRmOjMwMDc2NDIxNjY2NzgwMjo6MDo6&url=%2FAmazon-Brand-Ultra-Strong-regular-Unscented%2Fdp%2FB0DM6YRKB5%2Fref%3Dsr_1_1_ffob_sspa%3Fdib%3DeyJ2IjoiMSJ9.i_TiD1pN5KLawUyoDQ83KrB6eyA8sI22ssSgkipr8Qrg0nNQkxBvalwrMWJz4m3g8IOzSSY27w6iYV_rqa285qp28N5uDZcIELrqAGxDFBL_8zmAUCSraDThhKndrp2dfwMHtWsBaHYBUk6PrzTxoMYuCG4jyPpJuq5z3NwpUzOkg0qxJ7bLnBz4ezvi0-Nc-Bz_jaJWNf-FlaA8ILqh3BoCqcrf6Z5BjBXsoGwQoCj8hgS5uwLX7FVAmFYy4mms9V9nWMWnF-KwvYps_o8JRXmNGaVb9XH4CNqojm7NVWs.1aQ07RTOIsyNwmH1S0WMF0jDrGgKVn9FgJ2Q-1YYvq4%26dib_tag%3Dse%26keywords%3Dtoilet%2Bpaper%26qid%3D1749210261%26sr%3D8-1-spons%26sp_csd%3Dd2lkZ2V0TmFtZT1zcF9hdGY%26psc%3D1#customerReviews,https://m.media-amazon.com/images/I/81RMndpJtcL._AC_UL320_.jpg,14.0,4.6,19735
toilet_paper,toilet_paper_7,"Angel Soft Toilet Paper, 16 Mega Rolls = 64 Regular Rolls, Soft and Strong Toilet Tissue",https://www.amazon.com/Angel-Soft%C2%AE-Toilet-Regular-Tissue/dp/B09NW81TH8/ref=sr_1_7?dib=eyJ2IjoiMSJ9.i_TiD1pN5KLawUyoDQ83KrB6eyA8sI22ssSgkipr8Qrg0nNQkxBvalwrMWJz4m3g8IOzSSY27w6iYV_rqa285qp28N5uDZcIELrqAGxDFBL_8zmAUCSraDThhKndrp2dfwMHtWsBaHYBUk6PrzTxoMYuCG4jyPpJuq5z3NwpUzOkg0qxJ7bLnBz4ezvi0-Nc-Bz_jaJWNf-FlaA8ILqh3BoCqcrf6Z5BjBXsoGwQoCj8hgS5uwLX7FVAmFYy4mms9V9nWMWnF-KwvYps_o8JRXmNGaVb9XH4CNqojm7NVWs.1aQ07RTOIsyNwmH1S0WMF0jDrGgKVn9FgJ2Q-1YYvq4&dib_tag=se&keywords=toilet+paper&qid=1749210261&sr=8-7#customerReviews,https://m.media-amazon.com/images/I/61pQHkontlL._AC_UL320_.jpg,12.49,4.7,68132
toilet_paper,toilet_paper_2,"Charmin Ultra Soft Cushiony Touch Toilet Paper, 24 Family Mega Rolls = 123 Regular Rolls",https://www.amazon.com/s?k=toilet+paper#,https://m.media-amazon.com/images/I/81StZsCHUDL._AC_UL320_.jpg,35.49,4.8,111017
toilet_paper,toilet_paper_3,"Charmin Ultra Strong Clean Touch Toilet Paper, 24 Family Mega Rolls = 120 Regular Rolls",https://www.amazon.com/s?k=toilet+paper#,https://m.media-amazon.com/images/I/81jqKiCLamL._AC_UL320_.jpg,35.49,4.8,29038
toilet_paper,toilet_paper_8,"Cottonelle Ultra Clean Toilet Paper with Active CleaningRipples Texture, Strong Bath Tissue, 24 Family Mega Rolls = 132 Regular Rolls (4 Packs of 6)",https://www.amazon.com/Cottonelle-CleaningRipples-Texture-Regular-Packaging/dp/B0CM4NXMV2/ref=sr_1_8?dib=eyJ2IjoiMSJ9.i_TiD1pN5KLawUyoDQ83KrB6eyA8sI22ssSgkipr8Qrg0nNQkxBvalwrMWJz4m3g8IOzSSY27w6iYV_rqa285qp28N5uDZcIELrqAGxDFBL_8zmAUCSraDThhKndrp2dfwMHtWsBaHYBUk6PrzTxoMYuCG4jyPpJuq5z3NwpUzOkg0qxJ7bLnBz4ezvi0-Nc-Bz_jaJWNf-FlaA8ILqh3BoCqcrf6Z5BjBXsoGwQoCj8hgS5uwLX7FVAmFYy4mms9V9nWMWnF-KwvYps_o8JRXmNGaVb9XH4CNqojm7NVWs.1aQ07RTOIsyNwmH1S0WMF0jDrGgKVn9FgJ2Q-1YYvq4&dib_tag=se&keywords=toilet+paper&qid=1749210261&rdc=1&sr=8-8#customerReviews,https://m.media-amazon.com/images/I/81a9MAHSjiL._AC_UL320_.jpg,27.59,4.7,106378
toilet_paper,toilet_paper_5,"Scott ComfortPlus Toilet Paper, 12 Double Rolls, 231 Sheets per Roll, Septic-Safe, 1-Ply Toilet Tissue",https://www.amazon.com/Scott-Comfortplus-Toilet-Tissue-Double/dp/B07BGLT25K/ref=sr_1_5?dib=eyJ2IjoiMSJ9.i_TiD1pN5KLawUyoDQ83KrB6eyA8sI22ssSgkipr8Qrg0nNQkxBvalwrMWJz4m3g8IOzSSY27w6iYV_rqa285qp28N5uDZcIELrqAGxDFBL_8zmAUCSraDThhKndrp2dfwMHtWsBaHYBUk6PrzTxoMYuCG4jyPpJuq5z3NwpUzOkg0qxJ7bLnBz4ezvi0-Nc-Bz_jaJWNf-FlaA8ILqh3BoCqcrf6Z5BjBXsoGwQoCj8hgS5uwLX7FVAmFYy4mms9V9nWMWnF-KwvYps_o8JRXmNGaVb9XH4CNqojm7NVWs.1aQ07RTOIsyNwmH1S0WMF0jDrGgKVn9FgJ2Q-1YYvq4&dib_tag=se&keywords=toilet+paper&qid=1749210261&sr=8-5#customerReviews,https://m.media-amazon.com/images/I/81U+bcVo3OL._AC_UL320_.jpg,5.68,4.5,84087
toilet_paper,toilet_paper_4,"Scott Professional 100% Recycled Fiber Standard Roll Bulk Toilet Paper (13217), 2-Ply, Elevated Design, White, Individually Wrapped (80 Rolls of 473 Sheets, 37,840 Sheet Total)",https://www.amazon.com/s?k=toilet+paper#,https://m.media-amazon.com/images/I/81ATKt+rzmL._AC_UL320_.jpg,59.99,4.6,36399
toothpaste,toothpaste_7,"Aquafresh Cavity Protection Fluoride Toothpaste for Healthy Gums, Strong Teeth, and Fresh Breath, Cool Mint, 5.6 oz",https://www.amazon.com/Aquafresh-Cavity-Protection-Fluoride-Toothpaste/dp/B00KS6X5OO/ref=sr_1_26?dib=eyJ2IjoiMSJ9.5utI6RBikmkgyhO5cuGnQ8OMCPpHSM14PUpiapdtbYGkbYdMtgZQszYj1DxLfXAh6o4wPha-TlF6atCVyG8Tsfpygppkh_LB1g1nIH6Vdd4AHcxeI6yBa0zB7cvW0ulFB00bu0kRYPU3mDNomb9iqUa55GyMLagSvQVkk19-xT8-UgStOk3kjjCStzdy-EXHSI3xesJy553Fos4O6OphdgZ01jORnn-hFuZkAEUkd7OfgCpY57glFWj2wXf1vKLkJnXQzUbliMlte43GcuXlpRGxHgsnNvVL15joxzIRUz4.C_sIv7cSVK02pjvSDfPmZpmGKh9PtkSQNxvqXlHu908&dib_tag=se&keywords=toothpaste&qid=1749210597&sr=8-26#customerReviews,https://m.media-amazon.com/images/I/710EkD5gBFL._AC_UL320_.jpg,2.8,4.7,10827
toothpaste,toothpaste_8,"Arm & Hammer Advance White Toothpaste, Clean Mint Flavor, Stain Defense Technology, 6 Ounce (Pack of 4)",https://www.amazon.com/Arm-Hammer-Advance-Toothpaste-Technology/dp/B09VK1RKM8/ref=sr_1_31?dib=eyJ2IjoiMSJ9.5utI6RBikmkgyhO5cuGnQ8OMCPpHSM14PUpiapdtbYGkbYdMtgZQszYj1DxLfXAh6o4wPha-TlF6atCVyG8Tsfpygppkh_LB1g1nIH6Vdd4AHcxeI6yBa0zB7cvW0ulFB00bu0kRYPU3mDNomb9iqUa55GyMLagSvQVkk19-xT8-UgStOk3kjjCStzdy-EXHSI3xesJy553Fos4O6OphdgZ01jORnn-hFuZkAEUkd7OfgCpY57glFWj2wXf1vKLkJnXQzUbliMlte43GcuXlpRGxHgsnNvVL15joxzIRUz4.C_sIv7cSVK02pjvSDfPmZpmGKh9PtkSQNxvqXlHu908&dib_tag=se&keywords=toothpaste&qid=1749210597&sr=8-31#customerReviews,https://m.media-amazon.com/images/I/81602Qc3cAL._AC_UL320_.jpg,13.96,4.7,7349
toothpaste,toothpaste_1,"Boka Fluoride Free Toothpaste Nano Hydroxyapatite, Helps Remineralize, Appropriate for Sensitive Teeth, Whitening - for Adult, Kids Oral Care - Ela Mint Flavor, 4 Fl Oz 3Pk - US Manufactured",https://www.amazon.com/s?k=toothpaste#,https://m.media-amazon.com/images/I/61zPqVvToqL._AC_UL320_.jpg,35.97,4.5,44311
toothpaste,toothpaste_4,"Colgate Optic White Advanced Hydrogen Peroxide Toothpaste, Teeth Whitening Toothpaste Pack, Enamel-Safe Formula, Helps Remove Tea, Coffee, and Wine Stains, Sparkling White, 3 Pack, 3.2 oz",https://www.amazon.com/Colgate-Advanced-Whitening-Toothpaste-Sparkling/dp/B082F1QH7S/ref=sr_1_8?dib=eyJ2IjoiMSJ9.5utI6RBikmkgyhO5cuGnQ8OMCPpHSM14PUpiapdtbYGkbYdMtgZQszYj1DxLfXAh6o4wPha-TlF6atCVyG8Tsfpygppkh_LB1g1nIH6Vdd4AHcxeI6yBa0zB7cvW0ulFB00bu0kRYPU3mDNomb9iqUa55GyMLagSvQVkk19-xT8-UgStOk3kjjCStzdy-EXHSI3xesJy553Fos4O6OphdgZ01jORnn-hFuZkAEUkd7OfgCpY57glFWj2wXf1vKLkJnXQzUbliMlte43GcuXlpRGxHgsnNvVL15joxzIRUz4.C_sIv7cSVK02pjvSDfPmZpmGKh9PtkSQNxvqXlHu908&dib_tag=se&keywords=toothpaste&qid=1749210597&sr=8-8#customerReviews,https://m.media-amazon.com/images/I/71Zgnsx28nL._AC_UL320_.jpg,12.96,4.7,47933
toothpaste,toothpaste_3,"Crest 3D White Advanced Luminous Mint Teeth Whitening Toothpaste, Crest Toothpaste, 3.7 oz Pack of 4 - Helps Remove Surface Stains, Whitens Teeth, Strengthens Tooth Enamel, Protects Against Cavities",https://www.amazon.com/Crest-White-Luminous-Whitening-Toothpaste/dp/B09F8FZ18G/ref=sr_1_5?dib=eyJ2IjoiMSJ9.5utI6RBikmkgyhO5cuGnQ8OMCPpHSM14PUpiapdtbYGkbYdMtgZQszYj1DxLfXAh6o4wPha-TlF6atCVyG8Tsfpygppkh_LB1g1nIH6Vdd4AHcxeI6yBa0zB7cvW0ulFB00bu0kRYPU3mDNomb9iqUa55GyMLagSvQVkk19-xT8-UgStOk3kjjCStzdy-EXHSI3xesJy553Fos4O6OphdgZ01jORnn-hFuZkAEUkd7OfgCpY57glFWj2wXf1vKLkJnXQzUbliMlte43GcuXlpRGxHgsnNvVL15joxzIRUz4.C_sIv7cSVK02pjvSDfPmZpmGKh9PtkSQNxvqXlHu908&dib_tag=se&keywords=toothpaste&qid=1749210597&rdc=1&sr=8-5#customerReviews,https://m.media-amazon.com/images/I/618IhmL94uL._AC_UL320_.jpg,14.99,4.7,20257
toothpaste,toothpaste_6,"EUTHYMOL Whitening Toothpaste (3.7fl oz) - Stain Removal in 2 Weeks, Long-Lasting Freshness for Sensitive Gum & Teeth. Bad Breath, Cavity Prevention. Recyclable Aluminum Tube",https://www.amazon.com/s?k=toothpaste#,https://m.media-amazon.com/images/I/71gtikTPdkL._AC_UL320_.jpg,11.99,4.2,1006
toothpaste,toothpaste_2,"Sensodyne Pronamel Fresh Breath Enamel Toothpaste for Sensitive Teeth and Cavity Protection, Fresh Wave - 4 oz (4 Pack)",https://www.amazon.com/s?k=toothpaste#,https://m.media-amazon.com/images/I/818RgjAuVsL._AC_UL320_.jpg,24.96,4.8,11689
toothpaste,toothpaste_5,"Tom's of Maine Fluoride-Free Antiplaque & Whitening Natural Toothpaste, Peppermint, 5.5 oz. (Pack of 2)",https://www.amazon.com/Toms-Maine-Fluoride-Free-Antiplaque-Toothpaste/dp/B00JUJ1E0W/ref=sr_1_10?dib=eyJ2IjoiMSJ9.5utI6RBikmkgyhO5cuGnQ8OMCPpHSM14PUpiapdtbYGkbYdMtgZQszYj1DxLfXAh6o4wPha-TlF6atCVyG8Tsfpygppkh_LB1g1nIH6Vdd4AHcxeI6yBa0zB7cvW0ulFB00bu0kRYPU3mDNomb9iqUa55GyMLagSvQVkk19-xT8-UgStOk3kjjCStzdy-EXHSI3xesJy553Fos4O6OphdgZ01jORnn-hFuZkAEUkd7OfgCpY57glFWj2wXf1vKLkJnXQzUbliMlte43GcuXlpRGxHgsnNvVL15joxzIRUz4.C_sIv7cSVK02pjvSDfPmZpmGKh9PtkSQNxvqXlHu908&dib_tag=se&keywords=toothpaste&qid=1749210597&sr=8-10#customerReviews,https://m.media-amazon.com/images/I/71G6RRpVieL._AC_UL320_.jpg,12.17,4.7,41607
washing_machine,washing_machine_4,"Auertech Portable Washing Machine, 28lbs Twin Tub Washer Mini Compact Laundry Machine with Drain Pump, Semi-automatic 18lbs Washer 10lbs Spinner Combo for Dorms, Apartments, RVs",https://www.amazon.com/Auertech-Portable-Washing-Semi-automatic-Apartments/dp/B09YLKMHLH/ref=sr_1_5?dib=eyJ2IjoiMSJ9.hbZH0O7qCsutECg9RuAtu1-CaqFWCxdtaXtFr2BDdX_0LOF3RcGfFzFVGlV_tUFN5qCrEdTepoh1o78kgIaSQ0mLz2GkozAvUQZXH-zs_nMRa1AKWaTyW9JbnBIyvD4rsANFjdHysXHsgTopVpH9RmknulRhNgixcelNaRHXzudIdlbYLrsH6_rFDSYlUw3DnsY1TqaFbKH-RLXA2h40_-YbQ4nxydEf8wotdq1v3A0.dqqfCSTSBj-HlEs0VNGeA0VhjHWGeiNWmFhRoj0d2m8&dib_tag=se&keywords=washing+machine&qid=1749211311&sr=8-5#customerReviews,https://m.media-amazon.com/images/I/61CoDohL3wL._AC_UY218_.jpg,179.99,4.2,3054
washing_machine,washing_machine_2,"BLACK+DECKER 0.9 Cu. Ft. Portable Washer, 6.6 lb. Capacity Washing Machine for Homes & Apartments, 5 Wash Cycles, Quick Connect Sink Adapter and Drain Hose Included, Transparent Lid, BPWM09W, White",https://www.amazon.com/Black-Decker-BPWM09W-Portable-Washer/dp/B0799Q45TT/ref=sr_1_3?dib=eyJ2IjoiMSJ9.hbZH0O7qCsutECg9RuAtu1-CaqFWCxdtaXtFr2BDdX_0LOF3RcGfFzFVGlV_tUFN5qCrEdTepoh1o78kgIaSQ0mLz2GkozAvUQZXH-zs_nMRa1AKWaTyW9JbnBIyvD4rsANFjdHysXHsgTopVpH9RmknulRhNgixcelNaRHXzudIdlbYLrsH6_rFDSYlUw3DnsY1TqaFbKH-RLXA2h40_-YbQ4nxydEf8wotdq1v3A0.dqqfCSTSBj-HlEs0VNGeA0VhjHWGeiNWmFhRoj0d2m8&dib_tag=se&keywords=washing+machine&qid=1749211311&sr=8-3#customerReviews,https://m.media-amazon.com/images/I/61tNdgVDSLL._AC_UY218_.jpg,259.99,4.4,7932
washing_machine,washing_machine_5,"Comfee Portable Washing Machine, 0.9 cu.ft Compact Washer With LED Display, 5 Wash Cycles, 2 Built-in Rollers, Space Saving Full-Automatic Washer",https://www.amazon.com/Portable-Washing-Machine-Compact-Full-Automatic/dp/B08B4L4CGG/ref=sr_1_6?dib=eyJ2IjoiMSJ9.hbZH0O7qCsutECg9RuAtu1-CaqFWCxdtaXtFr2BDdX_0LOF3RcGfFzFVGlV_tUFN5qCrEdTepoh1o78kgIaSQ0mLz2GkozAvUQZXH-zs_nMRa1AKWaTyW9JbnBIyvD4rsANFjdHysXHsgTopVpH9RmknulRhNgixcelNaRHXzudIdlbYLrsH6_rFDSYlUw3DnsY1TqaFbKH-RLXA2h40_-YbQ4nxydEf8wotdq1v3A0.dqqfCSTSBj-HlEs0VNGeA0VhjHWGeiNWmFhRoj0d2m8&dib_tag=se&keywords=washing+machine&qid=1749211311&sr=8-6#customerReviews,https://m.media-amazon.com/images/I/61d6FiSc2jL._AC_UY218_.jpg,219.0,4.4,7936
washing_machine,washing_machine_7,"Hamilton Beach HBFW3205 Fullsize Washer-LED Digital Display Panel-5 Wash Cycles-Front Load Design-2.2 cu ft, 24 inch Wide, White",https://www.amazon.com/Hamilton-Beach-HBFW3205-Washer-LED-Cycles-Front/dp/B0BG3HDSL7/ref=sr_1_10?dib=eyJ2IjoiMSJ9.hbZH0O7qCsutECg9RuAtu1-CaqFWCxdtaXtFr2BDdX_0LOF3RcGfFzFVGlV_tUFN5qCrEdTepoh1o78kgIaSQ0mLz2GkozAvUQZXH-zs_nMRa1AKWaTyW9JbnBIyvD4rsANFjdHysXHsgTopVpH9RmknulRhNgixcelNaRHXzudIdlbYLrsH6_rFDSYlUw3DnsY1TqaFbKH-RLXA2h40_-YbQ4nxydEf8wotdq1v3A0.dqqfCSTSBj-HlEs0VNGeA0VhjHWGeiNWmFhRoj0d2m8&dib_tag=se&keywords=washing+machine&qid=1749211311&sr=8-10#customerReviews,https://m.media-amazon.com/images/I/61Ighyaoo-L._AC_UY218_.jpg,801.73,3.6,18
washing_machine,washing_machine_3,"Kenmore 4.5 cu. ft. Top Load Washer with Triple Action Impeller for Tough Dirt & Stains-Reduce Laundry Time with Accela and Express Wash-LED, White",https://www.amazon.com/Kenmore-4-5-cu-ft-Stains-Reduce/dp/B0DFDRL7Q7/ref=sr_1_4?dib=eyJ2IjoiMSJ9.hbZH0O7qCsutECg9RuAtu1-CaqFWCxdtaXtFr2BDdX_0LOF3RcGfFzFVGlV_tUFN5qCrEdTepoh1o78kgIaSQ0mLz2GkozAvUQZXH-zs_nMRa1AKWaTyW9JbnBIyvD4rsANFjdHysXHsgTopVpH9RmknulRhNgixcelNaRHXzudIdlbYLrsH6_rFDSYlUw3DnsY1TqaFbKH-RLXA2h40_-YbQ4nxydEf8wotdq1v3A0.dqqfCSTSBj-HlEs0VNGeA0VhjHWGeiNWmFhRoj0d2m8&dib_tag=se&keywords=washing+machine&qid=1749211311&sr=8-4#customerReviews,https://m.media-amazon.com/images/I/51boQOQvCUL._AC_UY218_.jpg,854.99,4.6,19
washing_machine,washing_machine_8,LG WM4200HBA / WM4200HBA / WM4200HBA 5.0 Cu. Ft. Mega Capacity Smart wi-fi Enabled Front Load Washer with TurboWash 360 and Built-in Intelligence,https://www.amazon.com/LG-WM4200HBA-Capacity-TurboWash-Intelligence/dp/B08PMDPZP2/ref=sr_1_15?dib=eyJ2IjoiMSJ9.hbZH0O7qCsutECg9RuAtu1-CaqFWCxdtaXtFr2BDdX_0LOF3RcGfFzFVGlV_tUFN5qCrEdTepoh1o78kgIaSQ0mLz2GkozAvUQZXH-zs_nMRa1AKWaTyW9JbnBIyvD4rsANFjdHysXHsgTopVpH9RmknulRhNgixcelNaRHXzudIdlbYLrsH6_rFDSYlUw3DnsY1TqaFbKH-RLXA2h40_-YbQ4nxydEf8wotdq1v3A0.dqqfCSTSBj-HlEs0VNGeA0VhjHWGeiNWmFhRoj0d2m8&dib_tag=se&keywords=washing+machine&qid=1749211311&sr=8-15#customerReviews,https://m.media-amazon.com/images/I/51kDik8pvLL._AC_UY218_.jpg,1104.0,3.8,18
washing_machine,washing_machine_1,"Nictemaw Portable Washing Machine 15.6Lbs Large Capacity 2.1 Cu.ft Laundry Machine with 10 Programs and 8 Water Levels Selections Compact Washer Machine for Apartment, Home, Dorms, Rv",https://www.amazon.com/s?k=washing+machine#,https://m.media-amazon.com/images/I/61Mn3lqm1nL._AC_UY218_.jpg,179.99,3.9,252
washing_machine,washing_machine_6,SAMSUNG WA40A3005WPR White Top Load HE Washer/Dryer Pair,https://www.amazon.com/Samsung-WA40A3005WPR-White-Washer-Dryer/dp/B0BDMQNBCJ/ref=sr_1_9?dib=eyJ2IjoiMSJ9.hbZH0O7qCsutECg9RuAtu1-CaqFWCxdtaXtFr2BDdX_0LOF3RcGfFzFVGlV_tUFN5qCrEdTepoh1o78kgIaSQ0mLz2GkozAvUQZXH-zs_nMRa1AKWaTyW9JbnBIyvD4rsANFjdHysXHsgTopVpH9RmknulRhNgixcelNaRHXzudIdlbYLrsH6_rFDSYlUw3DnsY1TqaFbKH-RLXA2h40_-YbQ4nxydEf8wotdq1v3A0.dqqfCSTSBj-HlEs0VNGeA0VhjHWGeiNWmFhRoj0d2m8&dib_tag=se&keywords=washing+machine&qid=1749211311&sr=8-9#customerReviews,https://m.media-amazon.com/images/I/416W8ZxLqcL._AC_UY218_.jpg,1265.0,4.4,35
